<?xml version="1.0" encoding="UTF-8"?>
<!-- /**
* DO NOT ALTER OR REMOVE COPYRIGHT NOTICES OR THIS HEADER. Copyright 1997-2016 NTG Clarity and/or its affiliates. All
* rights reserved. NTG CLARITY is a leader in delivering network, telecom, IT and infrastructure solutions to network
* service providers and medium and large enterprises. www.ntgclarity.com The contents of this file are subject to the
* terms of "NTG Clarity License". You must not use this file except in compliance with the License. You can obtain a
* copy of the License at http://www.ntgclarity.com/ See the License for the specific language governing permissions and
* limitations under the License. Contributor(s): The Initial Developer of the Original Software is NTG Clarity . , Inc.
* Copyright 1997-2016 NTG Clarity. All Rights Reserved. CLASS NAME
* <h4>Description</h4>
* <h4>Notes</h4>
* <h4>References</h4>
* 
 * @author: mandarineDeveloper <A HREF="mailto:hr@ntgclarity.com">mandarine Development Team</A>
* @version Revision: 1.0 Date: 12/10/16 10:22 AM
*/-->

<beans xmlns="http://www.springframework.org/schema/beans"
	   xmlns:xsi="http://www.w3.org/2001/XMLSchema-instance"
	   xsi:schemaLocation="http://www.springframework.org/schema/beans http://www.springframework.org/schema/beans/spring-beans.xsd">

	<bean id="monitoringAdvisor" class="net.bull.javamelody.MonitoringSpringAdvisor">
		<property name="pointcut">
			<bean class="net.bull.javamelody.MonitoredWithAnnotationPointcut"/>
		</property>
	</bean>

<!-- 	<bean class="org.springframework.aop.framework.autoproxy.DefaultAdvisorAutoProxyCreator"/>
 -->
	<bean id="springDataSourceBeanPostProcessor" class="net.bull.javamelody.SpringDataSourceBeanPostProcessor">
		<!--
		<property name="excludedDatasources">
			<set>
				<value>excludedDataSourceName</value>
			</set>
		</property>
		-->
 	</bean>

	<!--
 	<bean id="wrappedDataSource" class="net.bull.javamelody.SpringDataSourceFactoryBean">
		<property name="targetName" value="targetDataSource" />
	</bean>
	-->
</beans>
